{"mean": [2.520625, 142.45, 50.19078125, 14.858125, 14.9996875, 14.93171875, 14.9953125], "scale": [1.7084019168143658, 90.32076865261944, 28.831054373099995, 8.968026342756527, 8.972388193917144, 8.921367968024771, 8.826946132572905]}